fromPort,toPort
Paris,Buenos Aires
Boston,London
Portland,New York
San Diego,New York
Boston,Berlin
Boston,Cairo
Paris,Rome
Portland,Dublin
San Diego,London
Boston,Rome
Philadelphia,Buenos Aires
Philadelphia,London
Philadelphia,New York
Philadelphia,Dublin
Philadelphia,Cairo
Philadelphia,Rome
Philadelphia,Berlin
Boston,Dublin
Boston,Buenos Aires
Paris,London
Paris,Berlin
Paris,Cairo
Paris,Dublin
Portland,London
Portland,Buenos Aires
Portland,Berlin
Portland,Cairo
San Diego,Dublin
San Diego,Buenos Aires
San Diego,Rome
